/*!40101 SET NAMES utf8 */;
/*!40014 SET FOREIGN_KEY_CHECKS=0 */;
/*!40101 SET SQL_MODE='NO_AUTO_VALUE_ON_ZERO' */;
/*!40111 SET SQL_NOTES=0 */;
DROP TABLE IF EXISTS `groups`;
CREATE TABLE `groups` (
  `group_id` varchar(100) NOT NULL,
  `group_name` varchar(50) NOT NULL,
  `start_date` varchar(50) NOT NULL,
  `admin_name` varchar(100) NOT NULL,
  `time` varchar(50) NOT NULL
) ENGINE=InnoDB DEFAULT CHARSET=utf8mb4 COLLATE=utf8mb4_general_ci;

DROP TABLE IF EXISTS group_user;
CREATE TABLE `group_user` (
  `g_id` varchar(50) NOT NULL,
  `user_id` varchar(50) NOT NULL,
  `state` varchar(10) NOT NULL
) ENGINE=InnoDB DEFAULT CHARSET=utf8mb4 COLLATE=utf8mb4_general_ci;

DROP TABLE IF EXISTS message;
CREATE TABLE `message` (
  `user_id` varchar(50) NOT NULL,
  `g_id` varchar(50) NOT NULL,
  `message` varchar(300) NOT NULL,
  `date_message` varchar(50) NOT NULL,
  `time` varchar(50) NOT NULL
) ENGINE=InnoDB DEFAULT CHARSET=utf8mb4 COLLATE=utf8mb4_general_ci;

DROP TABLE IF EXISTS users;
CREATE TABLE `users` (
  `email` varchar(50) NOT NULL,
  `password` varchar(100) NOT NULL,
  `name` varchar(100) NOT NULL,
  `region` varchar(50) NOT NULL,
  `mailtoken` varchar(50) NOT NULL,
  `isvalid` int(1) NOT NULL
) ENGINE=InnoDB DEFAULT CHARSET=utf8mb4 COLLATE=utf8mb4_general_ci;

INSERT INTO `groups`(group_id,group_name,start_date,admin_name,time) VALUES('\'1705336854021\'','\'maimt\'','\'2024-01-15\'','\'manishapanchal5591@gmail.com\'','\'10:10:53 pm\''),('\'1705377356049\'','\'abc\'','\'2024-01-16\'','\'manishapanchal5591@gmail.com\'','\'9:25:56 am\''),('\'1705377435015\'','\'xyz\'','\'2024-01-16\'','\'manishapanchal5591@gmail.com\'','\'9:27:14 am\''),('\'1705402724103\'','\'group1\'','\'2024-01-16\'','\'manishapanchal5591@gmail.com\'','\'4:28:44 pm\''),('\'1705484182334\'','\'group_4\'','\'2024-01-17\'','\'manisha.213004@maimt.com\'','\'3:06:22 pm\''),('\'1705493430972\'','\'F4\'','\'2024-01-17\'','\'manisha.213004@maimt.com\'','\'5:40:30 pm\'');

INSERT INTO group_user(g_id,user_id,state) VALUES('\'1705336854021\'','\'1705333949891\'','\'A\''),('\'1705336854021\'','\'1705334860578\'','\'M\''),('\'1705377356049\'','\'1705333949891\'','\'A\''),('\'1705377435015\'','\'1705333949891\'','\'A\''),('\'1705402724103\'','\'1705333949891\'','\'A\''),('\'1705484182334\'','\'1705334860578\'','\'A\''),('\'1705402724103\'','\'1705334860578\'','\'M\''),('\'1705493430972\'','\'1705334860578\'','\'A\''),('\'1705377435015\'','\'1705334860578\'','\'I\''),('\'1705484182334\'','\'1705333949891\'','\'M\'');

INSERT INTO message(user_id,g_id,message,date_message,time) VALUES('\'1705333949891\'','\'1705336854021\'','\'hlo\'','\'2024-01-16\'','\'12:35:37 pm\''),('\'1705333949891\'','\'1705336854021\'','\'hi\'','\'2024-01-16\'','\'12:58:38 pm\''),('\'1705333949891\'','\'1705336854021\'','\'abc\'','\'2024-01-16\'','\'1:04:07 pm\''),('\'1705333949891\'','\'1705336854021\'','\'xyz\'','\'2024-01-16\'','\'1:05:59 pm\''),('\'1705333949891\'','\'1705336854021\'','\'qwer\'','\'2024-01-16\'','\'1:07:45 pm\''),('\'1705333949891\'','\'1705336854021\'','\'rtyui\'','\'2024-01-16\'','\'1:09:07 pm\''),('\'1705333949891\'','\'1705336854021\'','\'qwertyuioppppzxcvbnmasdfghjkl\'','\'2024-01-16\'','\'1:23:39 pm\''),('\'1705333949891\'','\'1705336854021\'','\'qqqqqqqqqqqqqqqqqqqqqqqqqqqqqqqqqqqqqqqqqqqqqqqqqqqqqqqqqqaaaaaaaaaaaaaaaaaaaaaaaaaaaaaaazzzzzzzzzzzzzzzzzzzzzzzvvvvvvvvvvvvvvvvv\'','\'2024-01-16\'','\'1:24:33 pm\''),('\'1705333949891\'','\'1705377356049\'','\'mnbvcxz\'','\'2024-01-16\'','\'3:48:02 pm\''),('\'1705334860578\'','\'1705336854021\'','\'klmnop\'','\'2024-01-16\'','\'4:03:15 pm\''),('\'1705333949891\'','\'1705336854021\'','\'hello\'','\'2024-01-17\'','\'10:23:59 am\''),('\'1705333949891\'','\'1705377435015\'','\'hlo\'','\'2024-01-17\'','\'1:15:36 pm\''),('\'1705333949891\'','\'1705377435015\'','\'xyz\'','\'2024-01-17\'','\'1:15:44 pm\''),('\'1705333949891\'','\'1705377435015\'','\'rtyuertyudfghnmzxcvbnmasdfghjklqwertyuiopzxcvbnmasdfghjklqwertyuiop\'','\'2024-01-17\'','\'2:54:13 pm\''),('\'1705333949891\'','\'1705377356049\'','\'klmnbv\'','\'2024-01-17\'','\'3:03:18 pm\''),('\'1705334860578\'','\'1705484182334\'','\'a\'','\'2024-01-17\'','\'3:06:46 pm\''),('\'1705334860578\'','\'1705484182334\'','\'b\'','\'2024-01-17\'','\'3:06:49 pm\''),('\'1705334860578\'','\'1705484182334\'','\'c\'','\'2024-01-17\'','\'3:06:53 pm\''),('\'1705334860578\'','\'1705484182334\'','\'d\'','\'2024-01-17\'','\'3:06:57 pm\''),('\'1705334860578\'','\'1705484182334\'','\'e\'','\'2024-01-17\'','\'3:07:57 pm\''),('\'1705333949891\'','\'1705402724103\'','\'qwerty\'','\'2024-01-17\'','\'3:13:57 pm\''),('\'1705333949891\'','\'1705336854021\'','\'xyz wtyy\'','\'2024-01-17\'','\'4:51:25 pm\''),('\'1705333949891\'','\'1705377435015\'','\'18 jan 2024\'','\'2024-01-18\'','\'9:32:46 am\''),('\'1705333949891\'','\'1705336854021\'','\'ijklmn\'','\'2024-01-18\'','\'11:21:11 am\''),('\'1705333949891\'','\'1705336854021\'','\'zxcvbn\'','\'2024-01-18\'','\'5:30:25 pm\''),('\'1705333949891\'','\'1705402724103\'','\'sdfgh\'','\'2024-01-18\'','\'5:32:18 pm\''),('\'1705334860578\'','\'1705402724103\'','\'ayt\'','\'2024-01-18\'','\'5:37:22 pm\''),('\'1705333949891\'','\'1705402724103\'','\'kjkj\'','\'2024-01-18\'','\'5:37:41 pm\''),('\'1705333949891\'','\'1705402724103\'','\'jnkn\'','\'2024-01-18\'','\'5:37:44 pm\''),('\'1705333949891\'','\'1705402724103\'','\'knk\'','\'2024-01-18\'','\'5:37:47 pm\''),('\'1705333949891\'','\'1705402724103\'','\'n\'','\'2024-01-18\'','\'5:37:50 pm\''),('\'1705333949891\'','\'1705402724103\'','\'njn\'','\'2024-01-18\'','\'5:37:58 pm\''),('\'1705333949891\'','\'1705402724103\'','\'kjnk\'','\'2024-01-18\'','\'5:38:01 pm\''),('\'1705333949891\'','\'1705402724103\'','\'jhbjhb\'','\'2024-01-18\'','\'5:38:04 pm\''),('\'1705333949891\'','\'1705402724103\'','\'nb n\'','\'2024-01-18\'','\'5:38:07 pm\''),('\'1705333949891\'','\'1705402724103\'','\'nvnv\'','\'2024-01-18\'','\'5:38:10 pm\''),('\'1705334860578\'','\'1705402724103\'','\'jhk\'','\'2024-01-18\'','\'6:00:22 pm\''),('\'1705333949891\'','\'1705336854021\'','\'zxcvbnm\'','\'2024-01-19\'','\'9:57:17 am\''),('\'1705333949891\'','\'1705336854021\'','\'grehg\'','\'2024-01-19\'','\'5:15:46 pm\''),('\'1705333949891\'','\'1705336854021\'','\'rhghgr\'','\'2024-01-19\'','\'5:15:51 pm\''),('\'1705333949891\'','\'1705377356049\'','\'hi\'','\'2024-01-29\'','\'3:30:27 pm\''),('\'1705333949891\'','\'1705377356049\'','\'abc\'','\'2024-01-29\'','\'3:34:21 pm\''),('\'1705333949891\'','\'1705377356049\'','\'efg\'','\'2024-01-29\'','\'3:37:47 pm\''),('\'1705333949891\'','\'1705402724103\'','\'demo welcome\'','\'2024-01-29\'','\'3:40:54 pm\''),('\'1705334860578\'','\'1705402724103\'','\'hi\'','\'2024-01-29\'','\'3:41:08 pm\''),('\'1705333949891\'','\'1705484182334\'','\'manisha\'','\'2024-01-29\'','\'3:58:19 pm\''),('\'1705333949891\'','\'1705484182334\'','\'xyz\'','\'2024-01-29\'','\'4:05:15 pm\''),('\'1705333949891\'','\'1705484182334\'','\'xyz2\'','\'2024-01-29\'','\'4:12:17 pm\''),('\'1705333949891\'','\'1705484182334\'','\'mnop\'','\'2024-01-29\'','\'4:23:02 pm\''),('\'1705333949891\'','\'1705484182334\'','\'klmn\'','\'2024-01-29\'','\'4:25:16 pm\''),('\'1705334860578\'','\'1705484182334\'','\'123\'','\'2024-01-29\'','\'4:43:23 pm\''),('\'1705333949891\'','\'1705484182334\'','\'456\'','\'2024-01-29\'','\'4:43:40 pm\''),('\'1705334860578\'','\'1705484182334\'','\'789\'','\'2024-01-29\'','\'4:43:52 pm\''),('\'1705333949891\'','\'1705402724103\'','\'demo data\'','\'2024-01-29\'','\'4:44:43 pm\''),('\'1705334860578\'','\'1705402724103\'','\'hello manisha\'','\'2024-01-29\'','\'4:45:03 pm\''),('\'1705333949891\'','\'1705402724103\'','\'hy sakshi\'','\'2024-01-29\'','\'4:45:10 pm\''),('\'1705334860578\'','\'1705402724103\'','\'how are you\'','\'2024-01-29\'','\'4:45:18 pm\''),('\'1705333949891\'','\'1705402724103\'','\'i am fine what about you\'','\'2024-01-29\'','\'4:45:28 pm\''),('\'1705334860578\'','\'1705402724103\'','\'i also good\'','\'2024-01-29\'','\'4:45:37 pm\''),('\'1705333949891\'','\'1705336854021\'','\'maimt\'','\'2024-01-29\'','\'5:08:11 pm\''),('\'1705333949891\'','\'1705336854021\'','\'cpp\'','\'2024-01-29\'','\'5:08:45 pm\''),('\'1705333949891\'','\'1705402724103\'','\'ok\'','\'2024-01-29\'','\'5:08:59 pm\''),('\'1705333949891\'','\'1705402724103\'','\'okk\'','\'2024-01-29\'','\'5:10:27 pm\''),('\'1705333949891\'','\'1705336854021\'','\'ok\'','\'2024-01-29\'','\'5:12:56 pm\''),('\'1705334860578\'','\'1705336854021\'','\'okk\'','\'2024-01-29\'','\'5:13:28 pm\''),('\'1705333949891\'','\'1705402724103\'','\'bye sakshi\'','\'2024-01-29\'','\'5:31:18 pm\''),('\'1705334860578\'','\'1705402724103\'','\'bye\'','\'2024-01-29\'','\'5:31:58 pm\''),('\'1705334860578\'','\'1705402724103\'','\'..\'','\'2024-01-29\'','\'5:32:57 pm\''),('\'1705333949891\'','\'1705484182334\'','\'987\'','\'2024-01-29\'','\'5:34:24 pm\''),('\'1705334860578\'','\'1705484182334\'','\'654\'','\'2024-01-29\'','\'5:34:37 pm\''),('\'1705333949891\'','\'1705377435015\'','\'demo\'','\'2024-01-30\'','\'9:47:17 am\''),('\'1705333949891\'','\'1705484182334\'','\'new data\'','\'2024-01-30\'','\'9:52:20 am\''),('\'1705333949891\'','\'1705484182334\'','\'data2\'','\'2024-01-30\'','\'9:52:53 am\''),('\'1705333949891\'','\'1705484182334\'','\'hy\'','\'2024-01-30\'','\'9:54:18 am\''),('\'1705334860578\'','\'1705484182334\'','\'hi\'','\'2024-01-30\'','\'10:10:57 am\''),('\'1705333949891\'','\'1705484182334\'','\'hi\'','\'2024-01-30\'','\'10:12:26 am\''),('\'1705334860578\'','\'1705484182334\'','\'hi\'','\'2024-01-30\'','\'10:13:31 am\''),('\'1705334860578\'','\'1705484182334\'','\'hyyy\'','\'2024-01-30\'','\'10:16:07 am\''),('\'1705333949891\'','\'1705484182334\'','\'hlo\'','\'2024-01-30\'','\'10:21:42 am\''),('\'1705334860578\'','\'1705484182334\'','\'ok\'','\'2024-01-30\'','\'10:23:01 am\''),('\'1705334860578\'','\'1705402724103\'','\'demo post\'','\'2024-01-30\'','\'10:24:45 am\''),('\'1705333949891\'','\'1705402724103\'','\'demo\'','\'2024-01-30\'','\'10:26:14 am\''),('\'1705333949891\'','\'1705402724103\'','\'hi\'','\'2024-01-30\'','\'10:30:29 am\''),('\'1705334860578\'','\'1705402724103\'','\'hlo\'','\'2024-01-30\'','\'10:32:04 am\''),('\'1705334860578\'','\'1705402724103\'','\'abc\'','\'2024-01-30\'','\'10:39:30 am\''),('\'1705334860578\'','\'1705402724103\'','\'def\'','\'2024-01-30\'','\'10:41:20 am\''),('\'1705333949891\'','\'1705402724103\'','\'ghi\'','\'2024-01-30\'','\'10:44:26 am\''),('\'1705333949891\'','\'1705402724103\'','\'jkl\'','\'2024-01-30\'','\'10:51:30 am\''),('\'1705334860578\'','\'1705402724103\'','\'mno\'','\'2024-01-30\'','\'11:04:48 am\''),('\'1705333949891\'','\'1705402724103\'','\'opq\'','\'2024-01-30\'','\'11:04:56 am\''),('\'1705333949891\'','\'1705484182334\'','\'how\'','\'2024-01-30\'','\'11:05:05 am\''),('\'1705334860578\'','\'1705484182334\'','\'demo checking\'','\'2024-01-30\'','\'11:05:18 am\''),('\'1705334860578\'','\'1705484182334\'','\'ok\'','\'2024-01-30\'','\'11:06:04 am\''),('\'1705334860578\'','\'1705484182334\'','\'rst\'','\'2024-01-30\'','\'11:08:58 am\''),('\'1705334860578\'','\'1705402724103\'','\'klmnop\'','\'2024-01-30\'','\'11:09:30 am\''),('\'1705334860578\'','\'1705402724103\'','\'mno\'','\'2024-01-30\'','\'11:12:10 am\''),('\'1705333949891\'','\'1705402724103\'','\'hye\'','\'2024-01-30\'','\'11:16:01 am\''),('\'1705334860578\'','\'1705402724103\'','\'hi\'','\'2024-01-30\'','\'11:17:22 am\''),('\'1705333949891\'','\'1705402724103\'','\'?\'','\'2024-01-30\'','\'11:18:04 am\''),('\'1705333949891\'','\'1705402724103\'','\'??\'','\'2024-01-30\'','\'11:25:40 am\''),('\'1705333949891\'','\'1705484182334\'','\'manisha\'','\'2024-01-30\'','\'11:25:57 am\''),('\'1705334860578\'','\'1705402724103\'','\'sakshi\'','\'2024-01-30\'','\'11:26:24 am\''),('\'1705334860578\'','\'1705402724103\'','\'.......\'','\'2024-01-30\'','\'11:26:58 am\''),('\'1705333949891\'','\'1705484182334\'','\'..\'','\'2024-01-30\'','\'11:27:14 am\''),('\'1705333949891\'','\'1705402724103\'','\'1234567\'','\'2024-01-30\'','\'11:32:10 am\''),('\'1705334860578\'','\'1705402724103\'','\'4567890\'','\'2024-01-30\'','\'11:32:26 am\''),('\'1705334860578\'','\'1705402724103\'','\'asdfghjkl\'','\'2024-01-30\'','\'11:36:41 am\''),('\'1705333949891\'','\'1705402724103\'','\'zxcvbnm\'','\'2024-01-30\'','\'11:38:22 am\''),('\'1705333949891\'','\'1705402724103\'','\'hy\'','\'2024-01-30\'','\'11:54:10 am\''),('\'1705333949891\'','\'1705402724103\'','\'hlo\'','\'2024-01-30\'','\'11:55:12 am\''),('\'1705333949891\'','\'1705402724103\'','\'how\'','\'2024-01-30\'','\'11:56:10 am\''),('\'1705333949891\'','\'1705402724103\'','\'hiiii\'','\'2024-01-31\'','\'9:44:26 am\''),('\'1705334860578\'','\'1705402724103\'','\'hye\'','\'2024-01-31\'','\'10:47:03 am\''),('\'1705334860578\'','\'1705402724103\'','\'gm\'','\'2024-01-31\'','\'10:47:58 am\''),('\'1705334860578\'','\'1705484182334\'','\'okk\'','\'2024-01-31\'','\'10:48:08 am\''),('\'1705333949891\'','\'1705484182334\'','\'yooo\'','\'2024-01-31\'','\'10:48:16 am\''),('\'1705333949891\'','\'1705484182334\'','\'hi\'','\'2024-01-31\'','\'10:58:32 am\''),('\'1705334860578\'','\'1705484182334\'','\'hlo\'','\'2024-01-31\'','\'10:59:15 am\''),('\'1705334860578\'','\'1705484182334\'','\'yes\'','\'2024-01-31\'','\'11:00:03 am\''),('\'1705334860578\'','\'1705484182334\'','\'ok\'','\'2024-01-31\'','\'11:00:13 am\''),('\'1705333949891\'','\'1705484182334\'','\'okkk\'','\'2024-01-31\'','\'11:05:45 am\''),('\'1705333949891\'','\'1705484182334\'','\'good\'','\'2024-01-31\'','\'11:05:59 am\''),('\'1705334860578\'','\'1705484182334\'','\'?\'','\'2024-01-31\'','\'11:06:07 am\''),('\'1705334860578\'','\'1705402724103\'','\'hlo\'','\'2024-01-31\'','\'11:06:19 am\''),('\'1705333949891\'','\'1705402724103\'','\'what?\'','\'2024-01-31\'','\'11:06:36 am\''),('\'1705333949891\'','\'1705336854021\'','\'data\'','\'2024-01-31\'','\'11:21:40 am\''),('\'1705334860578\'','\'1705336854021\'','\'demo data\'','\'2024-01-31\'','\'11:21:50 am\''),('\'1705333949891\'','\'1705336854021\'','\'d\'','\'2024-01-31\'','\'11:24:16 am\''),('\'1705334860578\'','\'1705336854021\'','\'d\'','\'2024-01-31\'','\'11:24:20 am\''),('\'1705333949891\'','\'1705336854021\'','\'abcdef\'','\'2024-01-31\'','\'11:27:07 am\''),('\'1705334860578\'','\'1705336854021\'','\'ghijklmnop\'','\'2024-01-31\'','\'11:27:17 am\''),('\'1705333949891\'','\'1705336854021\'','\'ok\'','\'2024-01-31\'','\'5:29:12 pm\''),('\'1705334860578\'','\'1705336854021\'','\'1234567890\'','\'2024-01-31\'','\'5:35:10 pm\''),('\'1705333949891\'','\'1705336854021\'','\'123\'','\'2024-01-31\'','\'5:36:30 pm\''),('\'1705333949891\'','\'1705336854021\'','\'456\'','\'2024-01-31\'','\'5:40:07 pm\''),('\'1705333949891\'','\'1705336854021\'','\'1\'','\'2024-01-31\'','\'5:41:39 pm\''),('\'1705333949891\'','\'1705336854021\'','\'2\'','\'2024-01-31\'','\'5:43:08 pm\''),('\'1705333949891\'','\'1705336854021\'','\'3\'','\'2024-01-31\'','\'5:48:35 pm\''),('\'1705333949891\'','\'1705336854021\'','\'4\'','\'2024-01-31\'','\'5:50:47 pm\''),('\'1705334860578\'','\'1705336854021\'','\'5\'','\'2024-01-31\'','\'5:52:06 pm\''),('\'1705333949891\'','\'1705336854021\'','\'6\'','\'2024-01-31\'','\'5:55:05 pm\''),('\'1705333949891\'','\'1705402724103\'','\'34\'','\'2024-01-31\'','\'6:05:26 pm\''),('\'1705333949891\'','\'1705402724103\'','\'56\'','\'2024-01-31\'','\'6:07:40 pm\''),('\'1705333949891\'','\'1705402724103\'','\'89\'','\'2024-01-31\'','\'6:11:45 pm\''),('\'1705333949891\'','\'1705402724103\'','\'90\'','\'2024-01-31\'','\'6:15:01 pm\''),('\'1705333949891\'','\'1705402724103\'','\'91\'','\'2024-01-31\'','\'6:16:00 pm\''),('\'1705333949891\'','\'1705484182334\'','\'56\'','\'2024-01-31\'','\'6:16:41 pm\''),('\'1705333949891\'','\'1705402724103\'','\'67\'','\'2024-01-31\'','\'6:18:00 pm\''),('\'1705334860578\'','\'1705402724103\'','\'89\'','\'2024-01-31\'','\'6:18:06 pm\''),('\'1705334860578\'','\'1705402724103\'','\'88\'','\'2024-01-31\'','\'6:18:13 pm\''),('\'1705333949891\'','\'1705484182334\'','\'78\'','\'2024-01-31\'','\'6:19:24 pm\''),('\'1705334860578\'','\'1705484182334\'','\'56\'','\'2024-01-31\'','\'6:19:33 pm\''),('\'1705334860578\'','\'1705336854021\'','\'15374\'','\'2024-01-31\'','\'6:21:42 pm\''),('\'1705333949891\'','\'1705336854021\'','\'admbjd\'','\'2024-01-31\'','\'6:23:22 pm\''),('\'1705333949891\'','\'1705377435015\'','\'hlo\'','\'2024-02-05\'','\'9:28:35 am\''),('\'1705333949891\'','\'1705377435015\'','\'hi\'','\'2024-02-06\'','\'9:31:47 am\'');
INSERT INTO users(email,password,name,region,mailtoken,isvalid) VALUES('\'manishapanchal5591@gmail.com\'','\'$2b$10$xZgD6Ck82N7sa6naqYlYtudGKItB095elr.Y9EIR5O9M0mG3Bzwh.\'','\'manisha\'','\'india\'','\'1705333949891\'','1'),('\'manisha.213004@maimt.com\'','\'$2b$10$OXNPG470GDndDPocvyHAF.WfkvJ1LnvFE7QRH99MDEuVDk//eQOEG\'','\'sakshi\'','\'india\'','\'1705334860578\'','1');